﻿{"cameraMode":{"drawMode":0,"name":"Shaded","section":"Shading Mode"},"sceneLighting":false,"audioPlay":false,"sceneViewState":{"showFog":true,"showMaterialUpdate":true,"showSkybox":true,"showFlares":true,"showImageEffects":true,"showParticleSystems":true},"in2DMode":false,"pivot":{"x":-3.7476112842559816,"y":0.8200000524520874,"z":29.17228889465332},"rotation":{"x":0.13606610894203187,"y":-0.012199344113469124,"z":0.001677598338574171,"w":0.9906232953071594},"size":5.501358509063721,"orthographic":false}