﻿{"cameraMode":{"drawMode":0,"name":"Shaded","section":"Shading Mode"},"sceneLighting":false,"audioPlay":false,"sceneViewState":{"showFog":true,"showMaterialUpdate":true,"showSkybox":true,"showFlares":true,"showImageEffects":true,"showParticleSystems":true},"in2DMode":false,"pivot":{"x":7.775012016296387,"y":-0.9070944786071777,"z":33.29707717895508},"rotation":{"x":0.13606610894203187,"y":-0.012199344113469124,"z":0.001677598338574171,"w":0.9906232953071594},"size":7.2844133377075199,"orthographic":false}