﻿{"cameraMode":{"drawMode":0,"name":"Shaded","section":"Shading Mode"},"sceneLighting":false,"audioPlay":false,"sceneViewState":{"showFog":true,"showMaterialUpdate":true,"showSkybox":true,"showFlares":true,"showImageEffects":true,"showParticleSystems":true},"in2DMode":false,"pivot":{"x":-4.72931432723999,"y":0.10937714576721192,"z":42.02721405029297},"rotation":{"x":0.13606610894203187,"y":-0.012199344113469124,"z":0.001677598338574171,"w":0.9906232953071594},"size":16.054885864257814,"orthographic":false}