﻿{"cameraMode":{"drawMode":0,"name":"Shaded","section":"Shading Mode"},"sceneLighting":false,"audioPlay":false,"sceneViewState":{"showFog":true,"showMaterialUpdate":true,"showSkybox":true,"showFlares":true,"showImageEffects":true,"showParticleSystems":true},"in2DMode":false,"pivot":{"x":5.364963531494141,"y":-5.562403202056885,"z":61.224220275878909},"rotation":{"x":0.13606610894203187,"y":-0.012199344113469124,"z":0.001677598338574171,"w":0.9906232953071594},"size":12.218952178955079,"orthographic":false}