﻿{"cameraMode":{"drawMode":0,"name":"Shaded","section":"Shading Mode"},"sceneLighting":true,"audioPlay":false,"sceneViewState":{"showFog":true,"showMaterialUpdate":true,"showSkybox":true,"showFlares":true,"showImageEffects":true,"showParticleSystems":true},"in2DMode":false,"pivot":{"x":1.5540014505386353,"y":2.9706900119781496,"z":0.5965366363525391},"rotation":{"x":0.27368929982185366,"y":-0.2725038528442383,"z":0.08117269724607468,"w":0.918829083442688},"size":83.8941879272461,"orthographic":false}