﻿{"cameraMode":{"drawMode":0,"name":"Shaded","section":"Shading Mode"},"sceneLighting":false,"audioPlay":false,"sceneViewState":{"showFog":true,"showMaterialUpdate":true,"showSkybox":true,"showFlares":true,"showImageEffects":true,"showParticleSystems":true},"in2DMode":false,"pivot":{"x":2.2799999713897707,"y":-1.9900000095367432,"z":21.75},"rotation":{"x":0.13606610894203187,"y":-0.012199344113469124,"z":0.001677598338574171,"w":0.9906232953071594},"size":9.050494194030762,"orthographic":false}