﻿{"cameraMode":{"drawMode":0,"name":"Shaded","section":"Shading Mode"},"sceneLighting":false,"audioPlay":false,"sceneViewState":{"showFog":true,"showMaterialUpdate":true,"showSkybox":true,"showFlares":true,"showImageEffects":true,"showParticleSystems":true},"in2DMode":false,"pivot":{"x":-74.57003784179688,"y":9.421184539794922,"z":17.193302154541017},"rotation":{"x":0.09346158057451248,"y":0.7332205176353455,"z":-0.10295302420854569,"w":0.6656225323677063},"size":160.4907989501953,"orthographic":false}